{
  "model": "gpt-oss:120b",
  "max_tokens": 100,
  "method": "batch_api",
  "timestamp": 1770287566.226306,
  "results": [
    {
      "batch_size": 64,
      "total_prompts": 6,
      "total_tokens": 600,
      "total_time": 4.001875877380371,
      "average_tokens_per_second": 149.9296875726091,
      "batch_results": [
        {
          "batch_idx": 0,
          "batch_size": 6,
          "tokens": 600,
          "time": 4.001875877380371,
          "tokens_per_second": 149.9296875726091
        }
      ]
    }
  ]
}