{
  "model": "gpt-oss:120b",
  "max_tokens": 100,
  "method": "batch_api",
  "timestamp": 1770287353.152968,
  "results": [
    {
      "batch_size": 64,
      "total_prompts": 6,
      "total_tokens": 600,
      "total_time": 3.952252149581909,
      "average_tokens_per_second": 151.81217627105883,
      "batch_results": [
        {
          "batch_idx": 0,
          "batch_size": 6,
          "tokens": 600,
          "time": 3.952252149581909,
          "tokens_per_second": 151.81217627105883
        }
      ]
    }
  ]
}